E01000001,1
E01000002,1
E01000003,1
E01000005,3
E01000006,3
E01000007,3
E01000008,3
E01000009,3
E01000011,3
E01000012,3
E01000013,0
E01000014,0
E01000015,0
E01000016,0
E01000017,0
E01000018,0
E01000019,3
E01000020,0
E01000021,0
E01000022,0
E01000024,0
E01000025,0
E01000027,3
E01000028,3
E01000029,3
E01000030,3
E01000031,3
E01000032,3
E01000033,0
E01000034,0
E01000035,0
E01000036,0
E01000037,1
E01000038,1
E01000039,1
E01000040,0
E01000041,0
E01000042,0
E01000043,0
E01000044,0
E01000045,0
E01000046,0
E01000049,0
E01000050,3
E01000051,3
E01000052,3
E01000053,0
E01000054,0
E01000055,0
E01000056,0
E01000057,0
E01000058,0
E01000059,0
E01000060,0
E01000061,0
E01000062,0
E01000063,0
E01000064,0
E01000065,0
E01000066,3
E01000067,3
E01000068,3
E01000069,3
E01000070,3
E01000071,3
E01000072,0
E01000073,0
E01000074,0
E01000075,0
E01000076,0
E01000077,0
E01000078,0
E01000079,0
E01000080,0
E01000081,0
E01000082,0
E01000083,0
E01000084,0
E01000085,0
E01000086,0
E01000087,0
E01000088,0
E01000089,0
E01000090,0
E01000091,0
E01000093,0
E01000094,0
E01000095,0
E01000096,0
E01000097,3
E01000098,3
E01000099,0
E01000100,0
E01000101,0
E01000102,0
E01000103,0
E01000104,0
E01000105,0
E01000106,0
E01000107,0
E01000108,0
E01000110,3
E01000111,3
E01000112,3
E01000113,3
E01000114,0
E01000115,1
E01000116,1
E01000117,1
E01000118,1
E01000119,1
E01000120,1
E01000121,1
E01000122,1
E01000123,1
E01000124,0
E01000126,3
E01000127,3
E01000128,3
E01000129,3
E01000130,3
E01000131,3
E01000132,3
E01000133,3
E01000134,3
E01000135,3
E01000136,1
E01000137,3
E01000138,3
E01000139,3
E01000140,3
E01000141,3
E01000142,3
E01000143,0
E01000144,3
E01000145,1
E01000146,3
E01000147,3
E01000150,3
E01000151,3
E01000152,3
E01000153,3
E01000154,3
E01000156,1
E01000157,1
E01000158,1
E01000159,3
E01000160,0
E01000161,3
E01000162,1
E01000163,1
E01000164,1
E01000165,1
E01000166,1
E01000167,1
E01000168,1
E01000169,1
E01000170,1
E01000171,1
E01000172,1
E01000173,1
E01000174,1
E01000175,1
E01000176,1
E01000177,1
E01000178,1
E01000179,1
E01000180,1
E01000181,1
E01000182,1
E01000183,1
E01000184,1
E01000185,1
E01000186,3
E01000187,3
E01000188,3
E01000189,3
E01000190,3
E01000191,3
E01000192,3
E01000193,3
E01000194,3
E01000195,3
E01000196,3
E01000197,1
E01000198,1
E01000199,3
E01000200,1
E01000201,1
E01000202,1
E01000203,1
E01000204,3
E01000205,1
E01000206,1
E01000207,1
E01000208,1
E01000209,1
E01000210,1
E01000211,1
E01000212,1
E01000213,1
E01000214,3
E01000215,1
E01000216,1
E01000217,1
E01000218,1
E01000219,1
E01000220,1
E01000221,3
E01000222,3
E01000223,3
E01000224,3
E01000225,1
E01000226,3
E01000227,3
E01000228,3
E01000229,3
E01000230,3
E01000231,3
E01000232,3
E01000233,3
E01000234,3
E01000235,3
E01000236,1
E01000237,3
E01000238,1
E01000239,3
E01000240,3
E01000241,3
E01000242,1
E01000243,3
E01000244,3
E01000245,3
E01000246,1
E01000247,1
E01000248,1
E01000249,1
E01000250,1
E01000251,1
E01000252,1
E01000253,1
E01000254,1
E01000255,3
E01000256,3
E01000257,3
E01000258,3
E01000259,3
E01000260,3
E01000261,1
E01000263,3
E01000264,3
E01000265,1
E01000266,1
E01000267,1
E01000268,1
E01000269,1
E01000270,1
E01000271,1
E01000272,1
E01000273,1
E01000274,1
E01000275,3
E01000276,3
E01000277,3
E01000278,3
E01000279,1
E01000280,1
E01000281,3
E01000282,3
E01000283,3
E01000284,3
E01000285,1
E01000286,1
E01000287,1
E01000288,1
E01000289,1
E01000290,1
E01000291,1
E01000292,1
E01000293,1
E01000294,1
E01000295,3
E01000296,3
E01000297,3
E01000298,3
E01000299,3
E01000300,3
E01000301,3
E01000302,3
E01000303,3
E01000304,3
E01000305,3
E01000306,3
E01000307,3
E01000308,3
E01000309,3
E01000310,3
E01000311,1
E01000312,3
E01000313,3
E01000314,3
E01000315,3
E01000316,3
E01000317,3
E01000318,3
E01000319,3
E01000320,3
E01000321,3
E01000322,3
E01000323,3
E01000324,3
E01000325,1
E01000326,1
E01000327,1
E01000328,1
E01000329,1
E01000330,1
E01000331,1
E01000332,1
E01000333,1
E01000334,1
E01000335,0
E01000336,0
E01000337,0
E01000338,0
E01000339,1
E01000340,1
E01000341,1
E01000342,1
E01000343,1
E01000344,1
E01000345,1
E01000346,1
E01000347,1
E01000348,1
E01000349,1
E01000350,1
E01000351,1
E01000352,1
E01000353,1
E01000354,1
E01000355,1
E01000356,1
E01000357,1
E01000358,1
E01000359,1
E01000360,1
E01000361,1
E01000362,1
E01000363,1
E01000364,1
E01000365,1
E01000366,1
E01000367,1
E01000368,1
E01000369,1
E01000370,1
E01000371,1
E01000372,1
E01000373,0
E01000374,1
E01000375,1
E01000376,1
E01000377,1
E01000379,1
E01000380,1
E01000381,1
E01000382,1
E01000383,1
E01000384,1
E01000385,1
E01000386,1
E01000387,1
E01000388,1
E01000389,1
E01000390,1
E01000391,1
E01000392,1
E01000393,1
E01000394,1
E01000395,1
E01000396,1
E01000398,1
E01000399,1
E01000400,1
E01000401,1
E01000402,1
E01000403,0
E01000404,0
E01000405,0
E01000406,0
E01000407,0
E01000408,0
E01000409,1
E01000410,1
E01000411,1
E01000412,1
E01000413,1
E01000414,1
E01000415,1
E01000416,0
E01000417,0
E01000418,0
E01000419,1
E01000420,1
E01000421,1
E01000422,0
E01000423,1
E01000424,1
E01000425,1
E01000426,1
E01000427,1
E01000428,1
E01000429,0
E01000430,0
E01000431,0
E01000433,0
E01000434,0
E01000435,1
E01000436,1
E01000437,1
E01000438,1
E01000439,1
E01000440,1
E01000441,1
E01000442,1
E01000443,1
E01000444,1
E01000445,1
E01000446,1
E01000447,1
E01000448,1
E01000449,1
E01000450,1
E01000451,1
E01000452,1
E01000453,1
E01000454,1
E01000455,1
E01000456,1
E01000457,1
E01000458,1
E01000459,1
E01000460,1
E01000461,1
E01000462,1
E01000463,1
E01000464,0
E01000465,0
E01000466,0
E01000467,0
E01000468,0
E01000469,0
E01000470,0
E01000471,3
E01000472,3
E01000473,3
E01000474,3
E01000475,3
E01000476,3
E01000477,3
E01000478,3
E01000479,3
E01000480,3
E01000481,3
E01000483,3
E01000484,3
E01000485,3
E01000486,3
E01000487,3
E01000488,3
E01000489,0
E01000490,0
E01000491,0
E01000492,0
E01000493,0
E01000494,0
E01000495,0
E01000497,3
E01000498,3
E01000499,3
E01000501,3
E01000502,3
E01000503,3
E01000504,3
E01000505,3
E01000506,3
E01000507,3
E01000508,0
E01000509,3
E01000510,3
E01000511,3
E01000512,3
E01000513,3
E01000514,3
E01000515,3
E01000516,3
E01000517,3
E01000518,3
E01000519,3
E01000520,3
E01000521,0
E01000522,0
E01000523,0
E01000524,0
E01000525,0
E01000526,0
E01000527,0
E01000528,0
E01000530,0
E01000531,0
E01000532,0
E01000533,0
E01000534,0
E01000535,0
E01000536,3
E01000538,3
E01000539,3
E01000540,3
E01000541,3
E01000543,3
E01000544,0
E01000545,0
E01000546,0
E01000547,0
E01000548,0
E01000549,0
E01000550,0
E01000551,0
E01000552,0
E01000553,3
E01000554,3
E01000555,3
E01000556,3
E01000557,3
E01000558,0
E01000559,3
E01000560,3
E01000561,0
E01000562,3
E01000563,3
E01000564,3
E01000565,3
E01000566,3
E01000567,3
E01000568,3
E01000569,3
E01000570,3
E01000571,3
E01000572,3
E01000573,3
E01000574,3
E01000575,3
E01000576,3
E01000577,3
E01000578,3
E01000579,0
E01000580,0
E01000581,0
E01000582,1
E01000583,0
E01000584,0
E01000585,0
E01000586,0
E01000587,3
E01000589,3
E01000590,3
E01000591,3
E01000592,3
E01000593,3
E01000594,3
E01000595,0
E01000596,0
E01000599,0
E01000601,0
E01000602,0
E01000603,0
E01000604,0
E01000605,0
E01000606,3
E01000607,3
E01000608,3
E01000609,3
E01000610,3
E01000611,3
E01000612,3
E01000613,3
E01000615,3
E01000616,3
E01000617,3
E01000618,3
E01000619,3
E01000620,3
E01000621,3
E01000622,3
E01000623,3
E01000624,3
E01000625,3
E01000626,0
E01000627,3
E01000628,3
E01000629,3
E01000630,3
E01000631,3
E01000632,3
E01000633,3
E01000634,3
E01000636,3
E01000637,3
E01000638,3
E01000639,3
E01000640,3
E01000641,3
E01000642,3
E01000643,0
E01000644,3
E01000645,1
E01000646,1
E01000647,1
E01000648,1
E01000649,1
E01000650,1
E01000651,1
E01000652,1
E01000653,1
E01000654,1
E01000655,1
E01000656,1
E01000657,1
E01000658,1
E01000659,1
E01000661,1
E01000662,1
E01000663,1
E01000664,1
E01000665,1
E01000666,1
E01000667,1
E01000668,1
E01000669,1
E01000670,1
E01000671,1
E01000672,1
E01000673,1
E01000674,1
E01000676,1
E01000677,1
E01000678,1
E01000679,1
E01000680,1
E01000681,1
E01000682,1
E01000683,1
E01000684,1
E01000685,1
E01000686,1
E01000687,1
E01000688,1
E01000689,1
E01000690,1
E01000691,1
E01000692,1
E01000693,1
E01000694,1
E01000695,1
E01000696,1
E01000697,1
E01000698,1
E01000699,1
E01000700,1
E01000701,1
E01000702,1
E01000703,1
E01000704,1
E01000705,0
E01000706,1
E01000707,1
E01000708,1
E01000709,1
E01000710,1
E01000711,1
E01000712,1
E01000713,1
E01000714,1
E01000715,1
E01000716,1
E01000717,1
E01000718,1
E01000719,1
E01000720,1
E01000721,1
E01000722,1
E01000723,1
E01000724,1
E01000725,1
E01000726,1
E01000727,1
E01000728,1
E01000729,1
E01000730,1
E01000731,1
E01000732,1
E01000733,1
E01000734,1
E01000735,1
E01000736,1
E01000737,1
E01000738,1
E01000739,1
E01000741,1
E01000742,0
E01000743,0
E01000744,0
E01000745,1
E01000746,1
E01000747,1
E01000748,1
E01000749,1
E01000750,1
E01000751,1
E01000752,1
E01000753,1
E01000754,1
E01000755,1
E01000756,1
E01000757,1
E01000758,1
E01000759,1
E01000760,1
E01000761,1
E01000762,1
E01000763,1
E01000764,1
E01000765,1
E01000766,1
E01000767,1
E01000768,1
E01000769,1
E01000770,1
E01000771,1
E01000772,1
E01000773,1
E01000774,1
E01000775,1
E01000777,1
E01000778,1
E01000779,1
E01000780,1
E01000781,1
E01000782,1
E01000783,1
E01000784,1
E01000785,1
E01000786,1
E01000787,1
E01000788,1
E01000789,1
E01000790,1
E01000791,1
E01000792,1
E01000793,1
E01000794,1
E01000795,1
E01000796,0
E01000797,1
E01000798,1
E01000799,1
E01000800,0
E01000801,1
E01000802,1
E01000803,0
E01000804,1
E01000805,1
E01000806,0
E01000807,1
E01000808,1
E01000809,1
E01000810,1
E01000811,1
E01000812,1
E01000813,1
E01000814,1
E01000815,1
E01000816,1
E01000818,1
E01000819,1
E01000820,1
E01000822,1
E01000823,1
E01000824,1
E01000825,1
E01000826,1
E01000827,1
E01000828,1
E01000829,1
E01000830,1
E01000831,1
E01000832,1
E01000833,1
E01000834,1
E01000835,1
E01000836,1
E01000837,1
E01000838,1
E01000839,1
E01000840,1
E01000841,1
E01000842,1
E01000843,1
E01000844,3
E01000845,1
E01000846,0
E01000847,3
E01000848,1
E01000849,1
E01000850,3
E01000851,3
E01000853,3
E01000855,3
E01000856,0
E01000857,1
E01000858,0
E01000859,1
E01000860,1
E01000861,0
E01000862,0
E01000863,0
E01000866,0
E01000867,0
E01000868,0
E01000869,1
E01000870,1
E01000871,1
E01000872,0
E01000873,1
E01000874,1
E01000875,0
E01000876,0
E01000877,1
E01000878,1
E01000879,1
E01000880,1
E01000881,3
E01000882,1
E01000883,3
E01000884,1
E01000885,1
E01000886,1
E01000887,1
E01000888,1
E01000889,1
E01000890,1
E01000891,0
E01000892,1
E01000893,1
E01000894,1
E01000895,1
E01000896,1
E01000897,1
E01000898,1
E01000899,1
E01000900,0
E01000901,0
E01000902,0
E01000903,1
E01000904,0
E01000905,0
E01000906,0
E01000907,1
E01000908,1
E01000909,1
E01000910,1
E01000911,1
E01000912,1
E01000913,1
E01000914,3
E01000915,3
E01000916,0
E01000917,3
E01000918,3
E01000919,3
E01000920,3
E01000921,1
E01000922,1
E01000923,1
E01000924,1
E01000925,1
E01000926,1
E01000927,1
E01000928,1
E01000929,0
E01000930,0
E01000931,0
E01000932,0
E01000933,0
E01000934,0
E01000935,0
E01000937,3
E01000938,3
E01000939,3
E01000941,3
E01000942,3
E01000943,3
E01000944,3
E01000946,3
E01000947,0
E01000948,0
E01000949,3
E01000951,3
E01000952,0
E01000954,0
E01000955,3
E01000956,3
E01000957,0
E01000958,3
E01000959,0
E01000960,3
E01000961,3
E01000962,3
E01000963,3
E01000964,3
E01000965,0
E01000966,3
E01000967,3
E01000968,0
E01000969,1
E01000970,1
E01000971,1
E01000972,3
E01000973,0
E01000974,0
E01000975,0
E01000976,0
E01000977,0
E01000978,0
E01000979,0
E01000980,0
E01000981,0
E01000982,0
E01000983,0
E01000984,0
E01000985,1
E01000986,0
E01000987,0
E01000989,1
E01000990,0
E01000991,1
E01000992,0
E01000993,0
E01000994,3
E01000995,3
E01000996,3
E01000997,3
E01000998,0
E01000999,3
E01001000,0
E01001001,0
E01001002,3
E01001003,0
E01001004,0
E01001005,3
E01001006,3
E01001007,3
E01001008,3
E01001009,3
E01001010,0
E01001011,3
E01001012,3
E01001013,0
E01001015,1
E01001016,1
E01001017,1
E01001018,1
E01001019,1
E01001020,1
E01001021,1
E01001022,1
E01001023,1
E01001024,1
E01001025,1
E01001026,1
E01001027,1
E01001028,1
E01001029,3
E01001030,3
E01001031,1
E01001032,1
E01001033,0
E01001034,1
E01001035,0
E01001036,0
E01001037,0
E01001038,0
E01001039,0
E01001040,0
E01001041,0
E01001042,0
E01001044,3
E01001046,3
E01001047,0
E01001049,3
E01001050,3
E01001051,0
E01001052,0
E01001053,0
E01001054,0
E01001055,0
E01001056,0
E01001057,0
E01001058,1
E01001059,1
E01001060,1
E01001061,1
E01001062,1
E01001063,1
E01001064,1
E01001065,1
E01001066,1
E01001067,1
E01001068,1
E01001069,1
E01001070,1
E01001071,1
E01001072,1
E01001073,3
E01001074,1
E01001075,1
E01001076,1
E01001077,0
E01001078,1
E01001079,0
E01001080,0
E01001081,1
E01001082,0
E01001083,0
E01001084,0
E01001085,3
E01001086,3
E01001087,3
E01001088,3
E01001089,3
E01001090,3
E01001091,3
E01001092,1
E01001093,0
E01001094,1
E01001095,1
E01001096,1
E01001097,1
E01001098,1
E01001099,1
E01001100,1
E01001101,1
E01001102,1
E01001103,1
E01001104,1
E01001105,1
E01001106,1
E01001107,1
E01001108,1
E01001109,0
E01001110,0
E01001111,0
E01001112,0
E01001113,0
E01001114,0
E01001115,0
E01001116,0
E01001118,0
E01001119,1
E01001120,1
E01001121,1
E01001122,1
E01001123,1
E01001124,1
E01001125,1
E01001126,1
E01001127,1
E01001128,0
E01001129,1
E01001130,0
E01001131,1
E01001132,1
E01001133,1
E01001134,1
E01001135,1
E01001136,0
E01001137,0
E01001138,0
E01001139,0
E01001140,0
E01001141,0
E01001142,0
E01001143,0
E01001144,0
E01001145,0
E01001146,0
E01001147,0
E01001148,0
E01001149,0
E01001150,0
E01001151,0
E01001152,0
E01001153,0
E01001154,0
E01001155,0
E01001156,0
E01001157,0
E01001158,0
E01001159,0
E01001160,0
E01001161,0
E01001162,0
E01001163,0
E01001164,0
E01001165,0
E01001166,0
E01001167,0
E01001168,0
E01001169,0
E01001170,0
E01001171,0
E01001172,0
E01001173,0
E01001174,3
E01001175,3
E01001176,3
E01001177,3
E01001178,3
E01001179,3
E01001180,3
E01001181,3
E01001182,3
E01001183,3
E01001184,3
E01001185,0
E01001186,0
E01001187,0
E01001188,0
E01001189,0
E01001190,0
E01001191,0
E01001192,0
E01001193,0
E01001194,0
E01001195,3
E01001196,3
E01001197,0
E01001198,0
E01001199,0
E01001200,0
E01001201,0
E01001202,0
E01001203,0
E01001204,1
E01001205,3
E01001206,3
E01001207,1
E01001208,3
E01001209,1
E01001210,3
E01001211,1
E01001212,1
E01001213,3
E01001214,3
E01001215,3
E01001216,3
E01001217,3
E01001218,3
E01001219,3
E01001220,3
E01001223,3
E01001224,1
E01001225,3
E01001226,3
E01001227,3
E01001228,3
E01001229,1
E01001230,3
E01001231,3
E01001232,3
E01001233,1
E01001234,3
E01001235,3
E01001236,1
E01001237,1
E01001239,0
E01001240,0
E01001241,0
E01001242,0
E01001243,0
E01001244,0
E01001245,0
E01001246,3
E01001247,3
E01001248,1
E01001249,3
E01001250,0
E01001251,3
E01001252,3
E01001253,1
E01001254,1
E01001255,1
E01001257,3
E01001258,3
E01001259,3
E01001260,3
E01001261,3
E01001262,3
E01001263,3
E01001264,3
E01001265,3
E01001266,3
E01001267,3
E01001268,3
E01001269,3
E01001270,3
E01001271,3
E01001272,3
E01001273,3
E01001274,3
E01001275,3
E01001276,3
E01001277,3
E01001278,3
E01001279,3
E01001280,3
E01001281,1
E01001282,3
E01001283,3
E01001284,3
E01001285,3
E01001286,0
E01001287,3
E01001288,3
E01001289,0
E01001290,3
E01001291,3
E01001292,3
E01001293,3
E01001294,3
E01001295,3
E01001296,3
E01001297,3
E01001298,3
E01001299,1
E01001300,1
E01001301,1
E01001302,1
E01001303,1
E01001304,1
E01001305,1
E01001306,1
E01001307,3
E01001308,3
E01001309,3
E01001310,3
E01001311,3
E01001312,3
E01001313,3
E01001314,3
E01001315,3
E01001316,3
E01001317,3
E01001318,3
E01001319,3
E01001320,3
E01001321,3
E01001322,3
E01001323,3
E01001324,3
E01001325,3
E01001326,3
E01001327,3
E01001328,3
E01001329,3
E01001330,3
E01001331,3
E01001332,3
E01001333,3
E01001334,3
E01001335,3
E01001336,3
E01001337,3
E01001338,3
E01001339,3
E01001340,3
E01001341,3
E01001342,3
E01001343,3
E01001344,3
E01001345,3
E01001346,3
E01001347,3
E01001348,3
E01001349,3
E01001350,0
E01001351,0
E01001352,3
E01001353,0
E01001354,0
E01001355,0
E01001356,0
E01001357,0
E01001358,0
E01001359,3
E01001360,3
E01001361,3
E01001362,3
E01001363,3
E01001364,3
E01001365,3
E01001366,3
E01001367,3
E01001368,3
E01001369,3
E01001370,3
E01001371,3
E01001372,3
E01001373,3
E01001374,1
E01001375,1
E01001376,1
E01001377,1
E01001379,1
E01001380,1
E01001381,1
E01001382,1
E01001383,1
E01001384,1
E01001385,1
E01001386,1
E01001387,3
E01001388,3
E01001389,3
E01001390,0
E01001391,0
E01001392,0
E01001393,1
E01001394,0
E01001395,0
E01001396,0
E01001397,0
E01001398,0
E01001399,0
E01001400,1
E01001401,0
E01001402,1
E01001403,0
E01001404,0
E01001405,1
E01001406,0
E01001407,1
E01001408,1
E01001409,0
E01001410,1
E01001411,1
E01001412,1
E01001413,1
E01001414,1
E01001415,1
E01001416,1
E01001417,1
E01001418,1
E01001419,1
E01001420,1
E01001421,1
E01001422,1
E01001423,0
E01001424,0
E01001425,0
E01001426,0
E01001427,0
E01001428,0
E01001429,0
E01001430,0
E01001431,0
E01001432,0
E01001433,0
E01001434,0
E01001435,0
E01001436,0
E01001437,0
E01001438,0
E01001439,0
E01001440,0
E01001441,0
E01001442,0
E01001444,0
E01001445,0
E01001446,0
E01001447,0
E01001448,0
E01001449,0
E01001450,1
E01001451,1
E01001452,1
E01001453,1
E01001454,1
E01001455,1
E01001456,1
E01001457,1
E01001458,0
E01001459,0
E01001460,0
E01001461,0
E01001462,0
E01001463,0
E01001464,0
E01001465,0
E01001466,0
E01001467,0
E01001468,1
E01001469,1
E01001470,1
E01001471,1
E01001472,1
E01001473,1
E01001474,1
E01001475,1
E01001476,0
E01001477,0
E01001478,0
E01001479,0
E01001480,0
E01001481,0
E01001482,0
E01001483,0
E01001484,0
E01001485,0
E01001486,0
E01001487,0
E01001488,0
E01001489,0
E01001491,0
E01001492,0
E01001493,1
E01001494,0
E01001495,1
E01001496,0
E01001497,0
E01001498,1
E01001499,0
E01001500,0
E01001501,0
E01001502,0
E01001503,0
E01001504,0
E01001505,0
E01001507,0
E01001508,0
E01001509,0
E01001511,0
E01001512,1
E01001513,0
E01001514,0
E01001515,0
E01001516,0
E01001517,0
E01001518,0
E01001520,1
E01001521,1
E01001522,1
E01001523,1
E01001524,1
E01001525,1
E01001526,1
E01001527,1
E01001528,0
E01001529,0
E01001530,0
E01001531,1
E01001532,1
E01001533,1
E01001534,0
E01001535,1
E01001536,1
E01001537,1
E01001538,1
E01001539,1
E01001540,1
E01001541,1
E01001542,1
E01001543,1
E01001544,1
E01001545,0
E01001546,0
E01001547,0
E01001548,0
E01001549,0
E01001550,0
E01001551,0
E01001552,0
E01001553,0
E01001554,0
E01001555,0
E01001556,0
E01001557,0
E01001558,0
E01001559,0
E01001560,0
E01001562,0
E01001563,1
E01001564,1
E01001565,1
E01001566,1
E01001567,1
E01001568,1
E01001569,1
E01001570,1
E01001571,0
E01001572,0
E01001573,0
E01001574,0
E01001575,0
E01001576,0
E01001577,0
E01001578,0
E01001579,0
E01001580,1
E01001581,1
E01001582,1
E01001583,1
E01001584,1
E01001585,1
E01001586,1
E01001587,1
E01001588,0
E01001589,0
E01001590,0
E01001591,0
E01001592,0
E01001593,0
E01001594,0
E01001595,0
E01001596,1
E01001597,1
E01001598,1
E01001599,1
E01001600,1
E01001601,1
E01001602,1
E01001603,1
E01001604,1
E01001605,1
E01001606,1
E01001607,1
E01001608,1
E01001609,1
E01001610,1
E01001611,1
E01001613,1
E01001614,1
E01001615,1
E01001617,1
E01001618,1
E01001619,1
E01001620,1
E01001621,1
E01001623,1
E01001624,1
E01001625,1
E01001629,0
E01001631,0
E01001632,0
E01001633,0
E01001634,0
E01001635,0
E01001636,0
E01001637,0
E01001638,0
E01001641,0
E01001642,0
E01001644,0
E01001645,0
E01001646,0
E01001647,0
E01001648,0
E01001649,0
E01001650,0
E01001651,0
E01001652,0
E01001653,1
E01001654,1
E01001655,1
E01001656,1
E01001657,1
E01001658,1
E01001659,1
E01001660,1
E01001661,1
E01001664,1
E01001665,0
E01001666,0
E01001669,0
E01001671,0
E01001672,0
E01001673,0
E01001674,0
E01001675,0
E01001676,0
E01001677,0
E01001678,0
E01001679,0
E01001680,1
E01001681,0
E01001682,1
E01001683,0
E01001684,0
E01001685,0
E01001686,0
E01001687,0
E01001688,0
E01001690,0
E01001692,0
E01001693,0
E01001694,0
E01001695,0
E01001696,0
E01001697,0
E01001698,0
E01001699,0
E01001700,0
E01001701,0
E01001702,0
E01001703,0
E01001704,0
E01001705,0
E01001708,0
E01001710,0
E01001712,0
E01001714,0
E01001715,1
E01001716,0
E01001717,1
E01001718,1
E01001719,0
E01001720,1
E01001722,0
E01001723,1
E01001724,1
E01001725,1
E01001726,0
E01001727,1
E01001728,0
E01001729,0
E01001730,0
E01001731,0
E01001732,0
E01001733,0
E01001734,0
E01001735,0
E01001736,1
E01001737,1
E01001738,1
E01001739,1
E01001740,1
E01001741,1
E01001742,1
E01001744,0
E01001745,0
E01001746,0
E01001747,0
E01001749,0
E01001750,0
E01001751,1
E01001753,0
E01001755,0
E01001756,1
E01001757,0
E01001758,0
E01001759,0
E01001760,0
E01001761,0
E01001762,0
E01001763,0
E01001764,0
E01001765,0
E01001767,0
E01001768,0
E01001769,0
E01001770,0
E01001772,0
E01001773,0
E01001774,0
E01001775,0
E01001776,0
E01001777,0
E01001780,0
E01001781,0
E01001783,0
E01001784,0
E01001785,0
E01001786,0
E01001787,0
E01001788,0
E01001789,0
E01001790,0
E01001791,0
E01001792,0
E01001793,0
E01001794,0
E01001795,0
E01001796,0
E01001798,0
E01001799,1
E01001800,1
E01001801,1
E01001802,1
E01001803,1
E01001804,1
E01001805,1
E01001806,1
E01001807,1
E01001808,1
E01001809,1
E01001811,0
E01001812,1
E01001813,0
E01001814,1
E01001815,0
E01001816,0
E01001819,0
E01001820,0
E01001821,0
E01001822,0
E01001823,0
E01001824,1
E01001825,1
E01001826,1
E01001827,0
E01001828,0
E01001829,1
E01001830,0
E01001831,0
E01001832,0
E01001833,0
E01001834,0
E01001835,0
E01001836,0
E01001837,0
E01001838,0
E01001839,0
E01001840,0
E01001841,0
E01001842,0
E01001843,0
E01001844,0
E01001845,0
E01001846,0
E01001847,0
E01001848,0
E01001849,0
E01001850,0
E01001851,1
E01001852,0
E01001853,0
E01001854,0
E01001855,1
E01001856,0
E01001857,0
E01001858,0
E01001859,0
E01001860,0
E01001861,0
E01001862,0
E01001863,0
E01001864,0
E01001865,1
E01001866,0
E01001867,1
E01001868,0
E01001869,1
E01001870,3
E01001871,1
E01001872,0
E01001873,0
E01001875,0
E01001876,0
E01001877,0
E01001878,0
E01001879,1
E01001880,1
E01001881,1
E01001882,1
E01001883,0
E01001884,1
E01001885,1
E01001886,1
E01001887,1
E01001888,1
E01001889,1
E01001890,1
E01001891,1
E01001892,1
E01001893,1
E01001894,0
E01001895,0
E01001896,0
E01001897,1
E01001898,0
E01001899,1
E01001900,1
E01001901,1
E01001902,1
E01001903,1
E01001904,1
E01001905,1
E01001906,1
E01001907,1
E01001908,0
E01001909,1
E01001910,1
E01001911,0
E01001912,0
E01001913,1
E01001914,0
E01001915,1
E01001916,1
E01001917,1
E01001918,1
E01001919,1
E01001920,1
E01001921,1
E01001922,1
E01001923,1
E01001924,1
E01001925,1
E01001926,1
E01001927,1
E01001928,1
E01001929,1
E01001930,1
E01001931,1
E01001932,1
E01001933,1
E01001934,1
E01001935,1
E01001937,1
E01001938,1
E01001940,0
E01001941,0
E01001942,0
E01001943,0
E01001944,0
E01001945,0
E01001946,0
E01001947,1
E01001948,1
E01001949,1
E01001950,1
E01001951,1
E01001952,1
E01001953,1
E01001954,0
E01001955,0
E01001956,0
E01001957,0
E01001958,0
E01001959,0
E01001960,0
E01001961,0
E01001962,1
E01001963,1
E01001964,1
E01001965,1
E01001966,1
E01001967,1
E01001968,1
E01001969,0
E01001970,0
E01001971,0
E01001972,0
E01001973,0
E01001974,0
E01001975,0
E01001976,0
E01001977,0
E01001978,0
E01001979,0
E01001980,0
E01001981,0
E01001982,0
E01001983,0
E01001984,1
E01001985,1
E01001986,1
E01001987,1
E01001988,1
E01001989,1
E01001990,1
E01001991,1
E01001992,1
E01001993,1
E01001994,1
E01001995,1
E01001996,1
E01001997,1
E01001998,0
E01001999,0
E01002000,1
E01002001,0
E01002002,0
E01002003,0
E01002004,0
E01002005,1
E01002006,1
E01002007,1
E01002008,1
E01002009,1
E01002010,1
E01002011,1
E01002013,1
E01002014,1
E01002015,1
E01002016,1
E01002017,1
E01002018,1
E01002019,1
E01002020,1
E01002021,1
E01002022,1
E01002023,1
E01002024,1
E01002025,1
E01002026,0
E01002027,0
E01002028,0
E01002029,0
E01002030,0
E01002031,0
E01002032,0
E01002033,0
E01002034,0
E01002036,0
E01002037,0
E01002038,0
E01002039,0
E01002040,0
E01002041,0
E01002042,0
E01002043,0
E01002044,0
E01002045,0
E01002046,0
E01002047,0
E01002048,0
E01002049,0
E01002050,0
E01002051,0
E01002052,0
E01002053,0
E01002054,0
E01002055,1
E01002056,0
E01002057,0
E01002058,0
E01002059,1
E01002060,1
E01002061,1
E01002062,1
E01002063,1
E01002064,1
E01002065,1
E01002066,0
E01002067,0
E01002068,0
E01002069,0
E01002070,0
E01002071,0
E01002072,0
E01002073,0
E01002074,0
E01002075,0
E01002076,0
E01002077,0
E01002078,0
E01002079,0
E01002081,0
E01002082,0
E01002083,0
E01002084,0
E01002085,0
E01002086,0
E01002087,0
E01002088,0
E01002089,0
E01002090,0
E01002091,0
E01002092,0
E01002093,0
E01002094,0
E01002095,0
E01002096,0
E01002097,0
E01002098,0
E01002099,0
E01002100,0
E01002101,0
E01002102,0
E01002103,0
E01002104,0
E01002105,0
E01002106,3
E01002107,3
E01002108,3
E01002109,3
E01002110,3
E01002111,3
E01002112,3
E01002113,3
E01002114,3
E01002115,3
E01002116,3
E01002118,3
E01002119,3
E01002120,3
E01002121,3
E01002122,3
E01002123,3
E01002124,3
E01002125,3
E01002127,3
E01002128,3
E01002129,3
E01002130,3
E01002131,3
E01002132,3
E01002133,3
E01002134,3
E01002135,3
E01002136,3
E01002137,3
E01002138,3
E01002139,3
E01002140,3
E01002141,3
E01002142,3
E01002143,3
E01002144,3
E01002145,3
E01002146,3
E01002147,3
E01002148,3
E01002149,3
E01002150,3
E01002151,3
E01002152,3
E01002153,3
E01002155,3
E01002156,3
E01002157,3
E01002158,3
E01002159,3
E01002160,3
E01002161,3
E01002162,3
E01002163,3
E01002164,3
E01002165,3
E01002166,3
E01002167,3
E01002168,3
E01002169,3
E01002170,3
E01002171,3
E01002172,3
E01002173,3
E01002174,3
E01002175,3
E01002176,3
E01002177,3
E01002178,3
E01002179,3
E01002181,3
E01002182,3
E01002183,3
E01002184,3
E01002185,3
E01002186,3
E01002187,3
E01002188,3
E01002189,3
E01002190,3
E01002191,3
E01002192,3
E01002193,3
E01002194,3
E01002195,3
E01002196,3
E01002197,3
E01002198,3
E01002199,3
E01002200,3
E01002201,3
E01002202,3
E01002203,3
E01002204,3
E01002206,3
E01002207,3
E01002208,3
E01002209,3
E01002210,3
E01002211,3
E01002212,3
E01002214,3
E01002215,3
E01002216,3
E01002217,3
E01002218,3
E01002219,3
E01002220,3
E01002221,3
E01002222,3
E01002223,3
E01002224,3
E01002225,3
E01002226,3
E01002227,3
E01002228,3
E01002229,3
E01002230,3
E01002231,3
E01002232,3
E01002233,3
E01002234,3
E01002235,3
E01002236,3
E01002237,3
E01002238,3
E01002239,3
E01002240,3
E01002241,3
E01002242,3
E01002243,1
E01002244,1
E01002245,1
E01002246,1
E01002247,1
E01002248,1
E01002250,1
E01002251,1
E01002252,1
E01002253,1
E01002254,1
E01002255,1
E01002256,1
E01002257,1
E01002258,1
E01002259,1
E01002260,1
E01002261,1
E01002262,1
E01002263,1
E01002264,1
E01002265,1
E01002266,1
E01002267,1
E01002268,1
E01002269,1
E01002270,1
E01002271,1
E01002272,1
E01002273,1
E01002274,1
E01002275,1
E01002276,1
E01002277,1
E01002278,1
E01002279,1
E01002280,1
E01002281,1
E01002282,1
E01002283,1
E01002284,1
E01002285,1
E01002286,1
E01002287,1
E01002288,1
E01002289,1
E01002290,1
E01002291,1
E01002292,1
E01002294,1
E01002295,1
E01002296,1
E01002297,1
E01002298,1
E01002299,1
E01002300,1
E01002301,1
E01002302,1
E01002303,1
E01002304,1
E01002305,1
E01002306,1
E01002307,1
E01002308,1
E01002309,1
E01002310,1
E01002311,1
E01002312,1
E01002313,1
E01002314,1
E01002315,1
E01002316,1
E01002317,1
E01002318,1
E01002319,1
E01002320,1
E01002321,1
E01002322,1
E01002323,1
E01002324,1
E01002325,1
E01002326,1
E01002327,1
E01002328,1
E01002329,1
E01002330,1
E01002331,1
E01002332,1
E01002333,1
E01002334,1
E01002335,1
E01002336,1
E01002337,1
E01002338,1
E01002339,1
E01002340,1
E01002341,1
E01002342,1
E01002343,1
E01002344,1
E01002345,1
E01002346,1
E01002347,1
E01002348,1
E01002349,1
E01002350,1
E01002351,1
E01002352,1
E01002353,1
E01002354,1
E01002355,1
E01002356,1
E01002358,1
E01002359,1
E01002360,1
E01002361,1
E01002362,1
E01002363,1
E01002364,1
E01002365,1
E01002366,1
E01002367,1
E01002368,0
E01002369,1
E01002370,1
E01002371,1
E01002372,1
E01002373,1
E01002374,1
E01002375,1
E01002376,1
E01002377,1
E01002378,1
E01002379,1
E01002380,1
E01002381,1
E01002382,1
E01002383,1
E01002384,1
E01002385,1
E01002386,1
E01002387,1
E01002388,1
E01002389,1
E01002390,1
E01002391,1
E01002392,3
E01002393,3
E01002394,3
E01002395,3
E01002396,3
E01002397,3
E01002398,3
E01002399,3
E01002400,3
E01002401,3
E01002402,3
E01002403,3
E01002404,3
E01002405,3
E01002408,3
E01002409,3
E01002410,3
E01002411,3
E01002412,3
E01002413,3
E01002414,3
E01002415,3
E01002416,3
E01002417,3
E01002418,3
E01002419,3
E01002420,3
E01002421,3
E01002422,3
E01002423,3
E01002424,3
E01002425,3
E01002426,3
E01002427,3
E01002428,3
E01002429,3
E01002430,1
E01002431,3
E01002432,3
E01002433,3
E01002434,1
E01002435,1
E01002436,3
E01002437,3
E01002438,1
E01002439,1
E01002440,1
E01002441,1
E01002442,1
E01002443,3
E01002444,3
E01002445,3
E01002446,3
E01002447,3
E01002448,3
E01002449,3
E01002450,3
E01002451,3
E01002452,3
E01002453,3
E01002454,3
E01002455,3
E01002456,3
E01002457,3
E01002458,3
E01002459,3
E01002460,3
E01002461,3
E01002462,3
E01002463,3
E01002464,3
E01002465,1
E01002466,1
E01002467,1
E01002468,1
E01002469,1
E01002470,1
E01002471,3
E01002472,3
E01002473,3
E01002474,3
E01002475,3
E01002476,3
E01002477,3
E01002478,3
E01002479,3
E01002480,3
E01002481,3
E01002482,3
E01002483,3
E01002484,3
E01002485,3
E01002486,3
E01002487,3
E01002488,3
E01002489,3
E01002490,3
E01002491,3
E01002492,3
E01002493,3
E01002494,3
E01002495,3
E01002496,3
E01002497,3
E01002498,3
E01002499,3
E01002501,3
E01002502,3
E01002503,3
E01002505,3
E01002506,3
E01002507,3
E01002508,3
E01002509,3
E01002511,3
E01002512,3
E01002513,3
E01002514,3
E01002516,3
E01002518,3
E01002519,3
E01002520,3
E01002521,3
E01002523,3
E01002525,3
E01002526,3
E01002527,3
E01002528,3
E01002529,3
E01002530,3
E01002531,3
E01002533,1
E01002534,1
E01002535,3
E01002536,1
E01002537,3
E01002538,3
E01002539,1
E01002540,3
E01002541,3
E01002542,3
E01002543,3
E01002544,3
E01002545,3
E01002546,3
E01002547,3
E01002548,3
E01002549,3
E01002550,3
E01002551,3
E01002552,3
E01002553,3
E01002555,3
E01002556,3
E01002557,3
E01002558,3
E01002559,3
E01002560,3
E01002561,3
E01002562,1
E01002563,1
E01002564,1
E01002565,1
E01002567,1
E01002569,1
E01002570,1
E01002571,1
E01002572,1
E01002573,1
E01002574,1
E01002575,1
E01002576,1
E01002577,1
E01002578,1
E01002579,1
E01002580,1
E01002581,1
E01002582,1
E01002583,3
E01002584,3
E01002585,3
E01002586,3
E01002587,3
E01002588,3
E01002589,3
E01002590,3
E01002591,3
E01002592,3
E01002593,3
E01002594,3
E01002595,3
E01002596,3
E01002598,3
E01002599,3
E01002600,3
E01002601,3
E01002602,3
E01002603,3
E01002604,1
E01002605,3
E01002606,3
E01002607,3
E01002608,3
E01002609,1
E01002610,1
E01002611,3
E01002612,3
E01002613,3
E01002614,3
E01002615,3
E01002616,3
E01002617,3
E01002618,3
E01002619,3
E01002620,3
E01002621,3
E01002622,3
E01002623,3
E01002624,3
E01002625,3
E01002626,3
E01002627,3
E01002628,3
E01002629,3
E01002630,3
E01002631,3
E01002632,3
E01002633,3
E01002634,3
E01002635,3
E01002636,3
E01002637,3
E01002638,3
E01002639,3
E01002640,3
E01002641,3
E01002643,3
E01002645,3
E01002646,3
E01002647,3
E01002649,3
E01002650,3
E01002651,3
E01002652,3
E01002653,3
E01002654,3
E01002655,3
E01002656,1
E01002657,3
E01002658,3
E01002659,3
E01002660,3
E01002661,3
E01002662,3
E01002663,3
E01002665,3
E01002666,3
E01002667,1
E01002668,3
E01002669,3
E01002670,1
E01002671,1
E01002672,1
E01002673,1
E01002674,3
E01002675,3
E01002676,3
E01002677,3
E01002678,3
E01002679,3
E01002680,3
E01002681,3
E01002682,3
E01002686,1
E01002687,1
E01002689,1
E01002690,1
E01002691,1
E01002692,1
E01002693,1
E01002694,0
E01002695,0
E01002696,1
E01002697,0
E01002698,1
E01002699,1
E01002700,1
E01002701,0
E01002702,0
E01002703,0
E01002704,0
E01002706,0
E01002707,1
E01002708,0
E01002709,0
E01002710,0
E01002711,0
E01002712,0
E01002713,0
E01002714,0
E01002715,0
E01002716,1
E01002717,1
E01002718,1
E01002719,1
E01002720,1
E01002721,0
E01002722,1
E01002723,0
E01002724,1
E01002725,0
E01002726,0
E01002727,1
E01002728,0
E01002729,0
E01002730,0
E01002732,0
E01002733,1
E01002734,0
E01002735,0
E01002736,0
E01002737,0
E01002738,1
E01002739,1
E01002740,1
E01002741,1
E01002742,1
E01002743,1
E01002744,1
E01002745,1
E01002747,0
E01002748,0
E01002749,1
E01002751,0
E01002752,1
E01002753,1
E01002754,1
E01002755,0
E01002756,1
E01002757,1
E01002758,1
E01002759,1
E01002760,1
E01002762,1
E01002763,0
E01002764,0
E01002765,0
E01002766,0
E01002767,0
E01002768,1
E01002769,1
E01002770,1
E01002771,1
E01002772,1
E01002773,1
E01002774,1
E01002775,1
E01002776,1
E01002777,1
E01002778,0
E01002779,1
E01002780,1
E01002781,1
E01002782,0
E01002783,1
E01002784,1
E01002785,1
E01002786,1
E01002787,1
E01002788,1
E01002789,1
E01002790,1
E01002791,1
E01002792,1
E01002793,1
E01002794,1
E01002795,1
E01002796,1
E01002797,1
E01002798,1
E01002799,1
E01002800,1
E01002801,1
E01002802,1
E01002804,1
E01002805,1
E01002806,1
E01002807,0
E01002808,1
E01002809,1
E01002810,1
E01002811,1
E01002812,3
E01002813,1
E01002814,3
E01002815,3
E01002816,3
E01002817,3
E01002818,3
E01002819,3
E01002821,3
E01002823,1
E01002824,3
E01002825,1
E01002826,1
E01002827,1
E01002828,1
E01002829,0
E01002830,0
E01002831,0
E01002832,0
E01002833,0
E01002834,3
E01002835,3
E01002836,3
E01002837,1
E01002839,3
E01002840,1
E01002841,1
E01002842,0
E01002843,1
E01002844,1
E01002845,1
E01002846,3
E01002847,3
E01002848,3
E01002849,3
E01002850,3
E01002851,3
E01002852,0
E01002853,0
E01002854,0
E01002855,0
E01002856,0
E01002857,0
E01002858,1
E01002859,1
E01002860,1
E01002861,1
E01002862,1
E01002863,1
E01002864,3
E01002865,1
E01002866,0
E01002867,3
E01002868,1
E01002869,0
E01002870,0
E01002871,1
E01002872,0
E01002873,1
E01002874,0
E01002875,1
E01002876,0
E01002877,0
E01002878,0
E01002879,0
E01002880,0
E01002881,0
E01002882,1
E01002883,1
E01002884,3
E01002885,3
E01002886,1
E01002887,3
E01002888,3
E01002889,3
E01002890,3
E01002891,3
E01002892,3
E01002893,1
E01002894,3
E01002896,1
E01002897,1
E01002898,1
E01002899,1
E01002900,1
E01002901,1
E01002902,1
E01002903,1
E01002904,0
E01002905,0
E01002906,0
E01002907,0
E01002908,0
E01002909,0
E01002910,1
E01002911,1
E01002912,1
E01002913,1
E01002914,1
E01002915,3
E01002916,1
E01002917,1
E01002918,1
E01002919,1
E01002920,1
E01002921,1
E01002922,1
E01002923,1
E01002924,1
E01002925,1
E01002926,1
E01002927,3
E01002928,3
E01002929,3
E01002930,3
E01002931,3
E01002932,3
E01002933,1
E01002934,1
E01002935,1
E01002937,1
E01002938,1
E01002939,1
E01002940,1
E01002941,1
E01002942,1
E01002943,1
E01002944,1
E01002945,1
E01002946,1
E01002947,1
E01002948,1
E01002949,1
E01002950,1
E01002951,1
E01002952,1
E01002953,1
E01002954,1
E01002955,1
E01002956,1
E01002957,3
E01002958,3
E01002959,1
E01002960,1
E01002961,3
E01002962,3
E01002963,3
E01002964,1
E01002965,1
E01002966,1
E01002967,1
E01002968,1
E01002969,1
E01002970,1
E01002971,1
E01002972,1
E01002973,1
E01002974,1
E01002975,3
E01002976,1
E01002977,3
E01002978,3
E01002979,3
E01002980,3
E01002981,3
E01002982,3
E01002983,3
E01002984,3
E01002985,3
E01002986,3
E01002987,1
E01002988,1
E01002989,1
E01002990,1
E01002991,1
E01002992,1
E01002993,1
E01002994,1
E01002995,1
E01002996,1
E01002997,1
E01002998,1
E01002999,1
E01003000,1
E01003001,1
E01003002,1
E01003003,1
E01003004,1
E01003005,1
E01003006,1
E01003007,1
E01003008,1
E01003009,1
E01003010,1
E01003011,1
E01003013,0
E01003014,0
E01003015,0
E01003016,0
E01003017,0
E01003018,0
E01003019,0
E01003020,0
E01003021,0
E01003022,0
E01003023,0
E01003024,0
E01003025,0
E01003026,1
E01003027,1
E01003028,1
E01003029,1
E01003030,1
E01003031,1
E01003032,1
E01003033,1
E01003034,0
E01003035,1
E01003036,1
E01003037,1
E01003038,1
E01003039,1
E01003040,1
E01003041,1
E01003042,1
E01003043,0
E01003044,0
E01003045,0
E01003046,0
E01003047,0
E01003048,0
E01003049,0
E01003050,0
E01003051,0
E01003052,0
E01003053,0
E01003054,1
E01003055,0
E01003056,1
E01003057,1
E01003058,0
E01003059,0
E01003060,0
E01003061,0
E01003062,1
E01003063,0
E01003064,1
E01003065,0
E01003066,0
E01003067,0
E01003068,0
E01003069,0
E01003070,0
E01003071,0
E01003072,1
E01003073,0
E01003074,0
E01003075,0
E01003076,0
E01003077,0
E01003078,0
E01003079,0
E01003080,1
E01003081,0
E01003082,0
E01003083,0
E01003084,0
E01003085,0
E01003086,0
E01003087,0
E01003088,0
E01003089,0
E01003090,1
E01003091,0
E01003092,0
E01003093,0
E01003094,0
E01003095,0
E01003096,0
E01003097,0
E01003098,0
E01003099,0
E01003100,0
E01003101,0
E01003102,0
E01003104,0
E01003105,0
E01003106,0
E01003107,0
E01003108,0
E01003110,0
E01003111,0
E01003112,0
E01003113,0
E01003114,0
E01003115,0
E01003116,1
E01003117,1
E01003118,0
E01003119,0
E01003120,0
E01003121,0
E01003122,0
E01003123,0
E01003124,0
E01003125,0
E01003126,0
E01003127,0
E01003128,0
E01003129,0
E01003130,0
E01003131,0
E01003132,0
E01003133,0
E01003134,0
E01003135,0
E01003136,0
E01003137,0
E01003138,1
E01003139,0
E01003140,0
E01003141,0
E01003142,0
E01003143,0
E01003144,0
E01003145,0
E01003146,0
E01003147,0
E01003148,1
E01003149,0
E01003150,0
E01003151,0
E01003152,0
E01003153,0
E01003154,0
E01003155,0
E01003156,1
E01003157,1
E01003158,1
E01003159,1
E01003160,0
E01003161,1
E01003162,0
E01003163,0
E01003164,0
E01003165,1
E01003166,0
E01003167,1
E01003168,0
E01003169,1
E01003170,1
E01003171,0
E01003172,0
E01003173,0
E01003174,0
E01003175,0
E01003176,0
E01003177,0
E01003178,0
E01003179,0
E01003180,0
E01003181,0
E01003182,0
E01003183,0
E01003184,0
E01003185,0
E01003186,0
E01003187,0
E01003188,0
E01003189,0
E01003190,0
E01003191,0
E01003192,0
E01003193,0
E01003194,0
E01003195,0
E01003196,0
E01003197,0
E01003198,1
E01003199,0
E01003200,1
E01003201,0
E01003202,1
E01003203,0
E01003204,0
E01003205,0
E01003206,1
E01003207,0
E01003209,0
E01003210,0
E01003211,0
E01003212,0
E01003213,0
E01003214,0
E01003215,0
E01003216,0
E01003217,0
E01003218,0
E01003219,0
E01003220,0
E01003221,0
E01003222,0
E01003223,0
E01003224,0
E01003225,0
E01003226,1
E01003227,0
E01003228,1
E01003229,0
E01003230,0
E01003231,0
E01003232,1
E01003233,0
E01003235,1
E01003236,0
E01003237,0
E01003238,0
E01003239,0
E01003240,0
E01003241,0
E01003243,0
E01003244,0
E01003245,0
E01003246,0
E01003247,0
E01003248,0
E01003249,0
E01003251,0
E01003252,0
E01003253,0
E01003254,0
E01003255,0
E01003256,0
E01003257,0
E01003258,0
E01003259,0
E01003260,1
E01003261,1
E01003262,1
E01003263,0
E01003264,0
E01003265,0
E01003266,0
E01003267,0
E01003268,0
E01003269,0
E01003270,0
E01003271,0
E01003272,0
E01003273,0
E01003274,0
E01003275,0
E01003276,0
E01003277,0
E01003278,0
E01003279,0
E01003280,0
E01003281,0
E01003282,0
E01003283,1
E01003284,0
E01003285,1
E01003286,0
E01003287,1
E01003288,0
E01003290,0
E01003291,0
E01003292,0
E01003293,0
E01003295,0
E01003297,0
E01003298,0
E01003299,0
E01003300,0
E01003301,0
E01003302,0
E01003303,0
E01003304,0
E01003305,0
E01003307,0
E01003308,0
E01003309,0
E01003310,0
E01003311,0
E01003312,0
E01003313,0
E01003314,0
E01003315,0
E01003316,0
E01003318,0
E01003319,0
E01003320,0
E01003321,0
E01003322,0
E01003323,0
E01003324,0
E01003325,0
E01003326,0
E01003327,0
E01003328,0
E01003329,0
E01003330,0
E01003331,0
E01003332,0
E01003333,0
E01003334,0
E01003335,0
E01003336,0
E01003337,0
E01003338,0
E01003339,0
E01003340,0
E01003341,0
E01003342,0
E01003343,0
E01003344,0
E01003345,0
E01003346,0
E01003347,0
E01003348,0
E01003349,0
E01003350,0
E01003351,0
E01003352,0
E01003353,0
E01003354,0
E01003355,1
E01003356,1
E01003357,1
E01003358,1
E01003359,1
E01003360,1
E01003361,1
E01003362,1
E01003363,1
E01003364,1
E01003365,1
E01003366,1
E01003368,3
E01003369,1
E01003370,3
E01003371,3
E01003372,3
E01003373,0
E01003374,0
E01003375,0
E01003376,0
E01003377,0
E01003378,0
E01003379,0
E01003380,1
E01003381,1
E01003382,1
E01003383,1
E01003384,1
E01003385,1
E01003386,3
E01003387,0
E01003388,3
E01003389,3
E01003390,3
E01003391,0
E01003392,3
E01003393,3
E01003394,3
E01003395,3
E01003396,3
E01003397,3
E01003398,3
E01003399,1
E01003400,1
E01003401,1
E01003402,1
E01003403,1
E01003404,1
E01003405,3
E01003406,3
E01003407,3
E01003408,3
E01003409,3
E01003410,0
E01003411,0
E01003412,3
E01003413,0
E01003414,3
E01003415,3
E01003416,0
E01003417,1
E01003418,1
E01003419,1
E01003420,1
E01003421,1
E01003422,1
E01003423,1
E01003424,1
E01003425,1
E01003426,3
E01003427,3
E01003428,1
E01003429,0
E01003430,0
E01003431,0
E01003432,0
E01003433,0
E01003434,0
E01003435,0
E01003436,3
E01003437,3
E01003438,3
E01003439,3
E01003440,3
E01003441,3
E01003442,1
E01003443,1
E01003444,1
E01003445,1
E01003446,1
E01003447,1
E01003448,3
E01003449,3
E01003450,1
E01003451,3
E01003452,3
E01003453,3
E01003454,1
E01003455,1
E01003456,1
E01003457,1
E01003458,1
E01003459,1
E01003460,1
E01003461,1
E01003462,1
E01003463,1
E01003464,1
E01003465,1
E01003466,1
E01003467,1
E01003468,1
E01003469,1
E01003470,1
E01003471,1
E01003472,1
E01003473,1
E01003474,1
E01003476,1
E01003477,1
E01003478,1
E01003479,0
E01003480,0
E01003481,0
E01003483,3
E01003484,0
E01003485,0
E01003486,0
E01003487,0
E01003488,3
E01003489,3
E01003490,3
E01003491,3
E01003492,3
E01003494,3
E01003495,3
E01003496,0
E01003497,0
E01003498,0
E01003499,0
E01003500,0
E01003501,0
E01003502,0
E01003503,0
E01003506,0
E01003507,0
E01003508,0
E01003509,0
E01003511,0
E01003512,0
E01003513,0
E01003514,0
E01003515,0
E01003516,0
E01003517,0
E01003518,0
E01003519,0
E01003520,3
E01003521,3
E01003522,3
E01003523,3
E01003524,3
E01003525,3
E01003526,3
E01003527,3
E01003528,3
E01003529,3
E01003530,3
E01003531,3
E01003532,3
E01003533,3
E01003534,3
E01003535,3
E01003536,3
E01003537,3
E01003538,3
E01003539,3
E01003540,3
E01003541,3
E01003542,3
E01003543,3
E01003544,3
E01003545,3
E01003546,3
E01003547,3
E01003548,3
E01003549,3
E01003550,3
E01003551,3
E01003552,3
E01003553,3
E01003554,3
E01003555,3
E01003556,3
E01003557,3
E01003558,3
E01003559,3
E01003560,3
E01003561,3
E01003562,3
E01003563,3
E01003564,3
E01003565,3
E01003566,3
E01003567,3
E01003568,3
E01003569,3
E01003570,3
E01003571,3
E01003572,3
E01003573,3
E01003574,3
E01003575,3
E01003576,3
E01003577,3
E01003578,3
E01003579,3
E01003580,3
E01003581,3
E01003582,3
E01003583,3
E01003584,3
E01003585,3
E01003586,3
E01003587,3
E01003588,3
E01003589,3
E01003590,3
E01003591,3
E01003592,3
E01003593,3
E01003594,3
E01003595,3
E01003596,3
E01003597,3
E01003598,3
E01003599,3
E01003600,3
E01003601,3
E01003602,3
E01003603,3
E01003604,0
E01003605,3
E01003607,3
E01003608,3
E01003611,0
E01003615,3
E01003616,3
E01003618,3
E01003619,3
E01003621,3
E01003622,3
E01003623,3
E01003624,3
E01003625,3
E01003626,3
E01003627,3
E01003628,3
E01003629,3
E01003630,3
E01003631,3
E01003632,3
E01003633,0
E01003634,0
E01003635,3
E01003636,3
E01003637,3
E01003638,3
E01003639,3
E01003640,3
E01003641,3
E01003642,3
E01003643,3
E01003644,3
E01003645,3
E01003646,3
E01003647,3
E01003648,3
E01003649,3
E01003650,3
E01003651,3
E01003652,3
E01003653,3
E01003654,3
E01003655,1
E01003656,1
E01003657,3
E01003658,1
E01003659,3
E01003660,1
E01003661,3
E01003662,3
E01003663,3
E01003664,3
E01003665,3
E01003666,3
E01003668,1
E01003669,1
E01003670,1
E01003671,1
E01003672,1
E01003673,1
E01003674,3
E01003675,3
E01003676,3
E01003677,3
E01003678,3
E01003679,3
E01003680,3
E01003681,3
E01003682,3
E01003683,3
E01003684,3
E01003685,3
E01003686,3
E01003688,3
E01003689,3
E01003690,3
E01003691,3
E01003692,3
E01003693,3
E01003694,3
E01003695,3
E01003696,3
E01003697,3
E01003698,3
E01003699,3
E01003700,3
E01003701,3
E01003702,3
E01003703,3
E01003704,3
E01003705,3
E01003706,3
E01003707,3
E01003708,3
E01003709,3
E01003710,3
E01003711,3
E01003712,3
E01003713,3
E01003714,3
E01003715,3
E01003716,3
E01003718,3
E01003719,3
E01003720,3
E01003721,3
E01003722,3
E01003723,3
E01003724,3
E01003725,1
E01003726,3
E01003727,3
E01003729,3
E01003730,3
E01003731,3
E01003732,3
E01003733,3
E01003734,3
E01003735,3
E01003736,3
E01003737,3
E01003738,3
E01003739,3
E01003740,3
E01003741,3
E01003742,3
E01003743,3
E01003744,1
E01003745,1
E01003746,1
E01003747,1
E01003748,1
E01003749,1
E01003750,1
E01003751,3
E01003752,3
E01003753,3
E01003754,3
E01003755,3
E01003756,3
E01003757,3
E01003759,3
E01003760,3
E01003761,1
E01003762,1
E01003763,3
E01003764,1
E01003765,3
E01003766,3
E01003767,3
E01003768,3
E01003769,3
E01003770,3
E01003771,3
E01003772,3
E01003773,3
E01003774,1
E01003775,3
E01003776,1
E01003777,1
E01003778,3
E01003779,3
E01003780,3
E01003781,3
E01003782,3
E01003783,3
E01003784,3
E01003785,3
E01003786,3
E01003787,3
E01003788,3
E01003789,3
E01003790,3
E01003791,3
E01003792,3
E01003793,3
E01003794,3
E01003795,3
E01003796,3
E01003797,1
E01003798,1
E01003799,1
E01003800,1
E01003801,1
E01003802,1
E01003803,1
E01003804,1
E01003805,1
E01003806,1
E01003807,1
E01003808,1
E01003809,1
E01003810,1
E01003811,1
E01003812,1
E01003813,1
E01003814,1
E01003815,1
E01003816,1
E01003817,1
E01003818,1
E01003819,1
E01003820,1
E01003821,1
E01003822,1
E01003823,1
E01003824,1
E01003825,1
E01003826,1
E01003827,1
E01003828,1
E01003829,1
E01003830,1
E01003831,1
E01003832,1
E01003833,1
E01003834,1
E01003835,1
E01003836,1
E01003837,1
E01003838,1
E01003839,1
E01003840,3
E01003841,3
E01003842,1
E01003843,3
E01003844,1
E01003845,1
E01003846,1
E01003847,1
E01003848,1
E01003849,1
E01003851,1
E01003852,1
E01003853,1
E01003854,1
E01003855,1
E01003856,1
E01003857,1
E01003858,1
E01003859,1
E01003860,1
E01003861,1
E01003862,1
E01003863,1
E01003864,1
E01003865,1
E01003866,1
E01003867,1
E01003868,1
E01003869,1
E01003870,1
E01003871,1
E01003872,1
E01003873,1
E01003874,1
E01003875,1
E01003876,1
E01003877,1
E01003878,1
E01003879,1
E01003880,1
E01003881,1
E01003882,1
E01003883,1
E01003884,1
E01003885,1
E01003886,1
E01003887,1
E01003888,1
E01003889,1
E01003890,1
E01003891,1
E01003892,1
E01003893,1
E01003894,1
E01003895,1
E01003896,1
E01003897,1
E01003898,1
E01003899,1
E01003900,1
E01003901,1
E01003902,1
E01003903,1
E01003904,1
E01003905,1
E01003906,1
E01003907,1
E01003908,1
E01003909,1
E01003910,1
E01003911,0
E01003912,0
E01003913,0
E01003914,0
E01003915,0
E01003916,0
E01003917,0
E01003918,0
E01003919,0
E01003920,0
E01003921,0
E01003922,0
E01003923,0
E01003924,0
E01003925,0
E01003926,0
E01003929,0
E01003930,0
E01003932,0
E01003933,0
E01003934,0
E01003935,0
E01003936,0
E01003937,0
E01003938,0
E01003939,0
E01003940,0
E01003941,0
E01003942,0
E01003943,0
E01003945,0
E01003946,0
E01003947,0
E01003948,1
E01003949,1
E01003950,1
E01003951,1
E01003952,1
E01003953,1
E01003954,1
E01003955,1
E01003956,1
E01003957,1
E01003958,1
E01003960,0
E01003961,0
E01003963,0
E01003966,0
E01003969,0
E01003971,0
E01003972,0
E01003973,0
E01003975,0
E01003976,0
E01003977,0
E01003979,0
E01003980,0
E01003981,0
E01003983,0
E01003984,0
E01003986,0
E01003987,0
E01003988,0
E01003989,0
E01003990,0
E01003991,0
E01003992,0
E01003993,0
E01003994,0
E01003995,0
E01003997,0
E01003998,0
E01003999,0
E01004000,0
E01004001,0
E01004002,0
E01004003,0
E01004004,0
E01004005,0
E01004006,0
E01004007,0
E01004008,0
E01004010,0
E01004011,0
E01004012,0
E01004013,0
E01004014,0
E01004015,1
E01004016,0
E01004017,1
E01004018,1
E01004019,0
E01004020,0
E01004021,1
E01004023,0
E01004024,0
E01004028,0
E01004029,0
E01004030,0
E01004031,0
E01004032,0
E01004033,0
E01004034,0
E01004035,0
E01004036,0
E01004037,0
E01004038,0
E01004039,0
E01004040,0
E01004041,0
E01004042,0
E01004043,0
E01004044,0
E01004045,0
E01004046,1
E01004047,0
E01004048,0
E01004049,0
E01004050,0
E01004051,0
E01004052,0
E01004053,0
E01004054,0
E01004055,0
E01004056,0
E01004057,0
E01004058,0
E01004059,0
E01004060,0
E01004061,0
E01004062,0
E01004063,0
E01004064,0
E01004065,1
E01004066,0
E01004067,0
E01004068,0
E01004069,1
E01004070,1
E01004071,1
E01004072,1
E01004073,1
E01004074,1
E01004075,1
E01004076,0
E01004077,1
E01004078,1
E01004079,1
E01004080,1
E01004081,1
E01004082,1
E01004083,3
E01004084,1
E01004085,3
E01004086,3
E01004087,1
E01004088,1
E01004089,1
E01004090,1
E01004091,1
E01004092,1
E01004093,1
E01004094,1
E01004095,1
E01004096,1
E01004097,1
E01004098,1
E01004099,1
E01004100,1
E01004101,1
E01004102,1
E01004103,1
E01004104,1
E01004105,1
E01004106,1
E01004107,1
E01004108,1
E01004109,1
E01004110,1
E01004111,1
E01004112,1
E01004114,1
E01004115,1
E01004116,1
E01004117,1
E01004118,1
E01004119,1
E01004120,1
E01004121,1
E01004122,1
E01004123,1
E01004124,3
E01004125,1
E01004126,1
E01004127,1
E01004128,1
E01004129,1
E01004130,1
E01004131,1
E01004132,1
E01004133,1
E01004134,1
E01004135,1
E01004136,1
E01004137,1
E01004138,1
E01004139,1
E01004140,1
E01004141,1
E01004143,1
E01004144,1
E01004145,1
E01004146,1
E01004147,1
E01004148,1
E01004149,1
E01004150,3
E01004151,1
E01004152,1
E01004153,3
E01004154,1
E01004155,1
E01004156,3
E01004157,1
E01004158,1
E01004159,1
E01004160,1
E01004161,1
E01004162,1
E01004163,1
E01004164,1
E01004165,1
E01004166,1
E01004167,1
E01004168,1
E01004169,1
E01004170,1
E01004171,1
E01004172,1
E01004173,1
E01004174,1
E01004175,1
E01004176,1
E01004177,1
E01004178,1
E01004179,1
E01004180,1
E01004181,1
E01004182,1
E01004183,1
E01004184,1
E01004185,1
E01004186,1
E01004187,1
E01004189,1
E01004190,1
E01004191,1
E01004192,1
E01004193,1
E01004194,1
E01004195,1
E01004196,1
E01004198,3
E01004199,3
E01004200,3
E01004201,3
E01004202,0
E01004203,3
E01004204,3
E01004205,3
E01004206,3
E01004207,3
E01004208,3
E01004209,3
E01004211,3
E01004212,3
E01004214,3
E01004216,3
E01004217,3
E01004218,3
E01004219,3
E01004221,3
E01004222,3
E01004223,3
E01004226,3
E01004228,3
E01004229,3
E01004230,3
E01004231,3
E01004232,3
E01004233,3
E01004234,3
E01004235,3
E01004236,3
E01004237,3
E01004239,3
E01004240,3
E01004241,3
E01004243,3
E01004244,3
E01004245,3
E01004247,3
E01004248,3
E01004249,3
E01004251,3
E01004255,3
E01004256,3
E01004257,3
E01004258,3
E01004259,3
E01004260,3
E01004263,3
E01004264,3
E01004266,3
E01004267,3
E01004268,3
E01004270,3
E01004271,3
E01004272,3
E01004274,3
E01004275,3
E01004276,3
E01004277,3
E01004280,3
E01004281,3
E01004283,3
E01004286,3
E01004287,3
E01004288,3
E01004289,3
E01004290,3
E01004291,3
E01004292,3
E01004293,3
E01004295,3
E01004296,3
E01004297,3
E01004298,3
E01004300,3
E01004301,3
E01004302,3
E01004303,3
E01004304,3
E01004305,3
E01004306,3
E01004307,3
E01004308,3
E01004309,3
E01004310,3
E01004311,3
E01004312,3
E01004313,3
E01004315,3
E01004316,3
E01004319,3
E01004321,3
E01004322,3
E01004323,3
E01004324,3
E01004326,3
E01004327,0
E01004328,0
E01004329,0
E01004330,0
E01004331,3
E01004332,3
E01004333,3
E01004334,3
E01004335,0
E01004336,3
E01004337,3
E01004338,3
E01004339,3
E01004340,0
E01004341,0
E01004342,3
E01004343,1
E01004344,0
E01004345,0
E01004346,0
E01004347,3
E01004348,3
E01004349,1
E01004350,1
E01004351,1
E01004352,1
E01004353,1
E01004354,1
E01004355,1
E01004356,1
E01004357,1
E01004358,1
E01004359,1
E01004360,1
E01004361,1
E01004362,3
E01004363,3
E01004364,3
E01004365,3
E01004366,3
E01004367,3
E01004368,3
E01004369,3
E01004370,3
E01004371,3
E01004372,3
E01004373,3
E01004374,3
E01004375,3
E01004376,3
E01004377,3
E01004378,0
E01004379,1
E01004380,1
E01004381,1
E01004382,1
E01004383,1
E01004384,1
E01004385,1
E01004386,1
E01004387,1
E01004388,1
E01004389,1
E01004390,1
E01004391,3
E01004392,3
E01004393,3
E01004394,0
E01004395,0
E01004396,3
E01004397,3
E01004398,0
E01004399,0
E01004400,0
E01004401,0
E01004402,0
E01004403,0
E01004404,0
E01004405,3
E01004406,3
E01004407,0
E01004408,3
E01004409,3
E01004410,0
E01004411,3
E01004412,3
E01004413,1
E01004414,1
E01004415,1
E01004416,1
E01004417,1
E01004418,0
E01004419,0
E01004420,3
E01004421,3
E01004422,3
E01004423,3
E01004424,3
E01004425,3
E01004426,3
E01004427,3
E01004428,3
E01004429,3
E01004430,3
E01004432,3
E01004434,3
E01004435,3
E01004436,3
E01004437,3
E01004438,3
E01004439,3
E01004440,3
E01004441,3
E01004442,3
E01004443,3
E01004444,3
E01004445,3
E01004446,3
E01004447,3
E01004448,3
E01004449,3
E01004450,1
E01004451,0
E01004452,1
E01004453,0
E01004454,0
E01004455,0
E01004456,0
E01004457,3
E01004458,3
E01004459,3
E01004460,3
E01004462,3
E01004463,3
E01004464,0
E01004465,0
E01004466,3
E01004467,0
E01004468,3
E01004469,0
E01004470,0
E01004471,0
E01004472,1
E01004473,1
E01004474,1
E01004475,1
E01004476,1
E01004477,1
E01004478,1
E01004479,1
E01004480,1
E01004481,1
E01004482,1
E01004483,1
E01004484,1
E01004485,1
E01004486,1
E01004487,1
E01004488,1
E01004489,1
E01004490,1
E01004491,1
E01004492,1
E01004493,1
E01004494,1
E01004495,1
E01004496,1
E01004497,1
E01004498,1
E01004499,1
E01004500,1
E01004501,1
E01004502,1
E01004503,1
E01004504,1
E01004505,1
E01004506,1
E01004507,1
E01004508,1
E01004510,1
E01004511,1
E01004512,1
E01004513,1
E01004514,1
E01004515,1
E01004516,1
E01004517,0
E01004518,0
E01004519,3
E01004520,3
E01004521,0
E01004522,0
E01004523,1
E01004524,0
E01004525,3
E01004526,3
E01004527,3
E01004528,3
E01004529,3
E01004530,3
E01004531,3
E01004532,1
E01004533,3
E01004534,1
E01004535,0
E01004536,0
E01004537,0
E01004538,1
E01004539,1
E01004540,1
E01004541,0
E01004542,1
E01004543,1
E01004544,1
E01004545,1
E01004546,1
E01004547,1
E01004548,1
E01004549,1
E01004550,1
E01004551,1
E01004552,1
E01004553,1
E01004554,1
E01004555,1
E01004556,1
E01004557,1
E01004558,1
E01004559,1
E01004560,1
E01004563,1
E01004564,1
E01004565,1
E01004566,1
E01004567,0
E01004568,0
E01004569,0
E01004570,0
E01004571,0
E01004572,1
E01004573,1
E01004574,0
E01004575,1
E01004576,1
E01004577,1
E01004579,1
E01004580,1
E01004581,1
E01004582,1
E01004583,1
E01004584,1
E01004585,1
E01004586,1
E01004587,1
E01004588,1
E01004589,1
E01004590,1
E01004591,1
E01004592,1
E01004593,1
E01004594,1
E01004595,1
E01004596,1
E01004597,1
E01004598,1
E01004599,1
E01004601,1
E01004602,1
E01004604,1
E01004605,1
E01004606,1
E01004607,1
E01004608,1
E01004609,1
E01004610,3
E01004611,3
E01004612,3
E01004613,3
E01004614,3
E01004615,3
E01004616,3
E01004617,3
E01004618,1
E01004619,1
E01004620,1
E01004621,1
E01004622,1
E01004623,1
E01004624,1
E01004625,1
E01004626,1
E01004627,1
E01004628,1
E01004629,1
E01004630,1
E01004631,3
E01004632,1
E01004633,1
E01004634,1
E01004635,1
E01004636,1
E01004637,1
E01004638,1
E01004639,1
E01004640,1
E01004641,1
E01004642,1
E01004643,1
E01004644,1
E01004645,1
E01004646,0
E01004647,3
E01004648,3
E01004649,3
E01004650,3
E01004651,3
E01004652,3
E01004653,0
E01004654,3
E01004656,3
E01004657,3
E01004658,3
E01004659,3
E01004660,3
E01004661,3
E01004662,3
E01004663,3
E01004665,0
E01004668,0
E01004669,0
E01004670,3
E01004674,0
E01004675,0
E01004676,0
E01004677,0
E01004678,0
E01004679,0
E01004680,3
E01004681,3
E01004682,3
E01004683,3
E01004684,3
E01004686,3
E01004687,3
E01004690,1
E01004691,3
E01004692,3
E01004693,3
E01004694,3
E01004695,3
E01004696,3
E01004697,3
E01004698,3
E01004699,3
E01004700,3
E01004701,3
E01004702,3
E01004703,3
E01004705,3
E01004706,0
E01004707,0
E01004708,0
E01004709,3
E01004710,0
E01004711,0
E01004712,3
E01004713,3
E01004714,3
E01004715,3
E01004716,3
E01004717,3
E01004718,0
E01004719,0
E01004720,0
E01004721,0
E01004722,0
E01004723,0
E01004724,3
E01004725,3
E01004726,3
E01004727,3
E01004728,3
E01004729,3
E01004730,3
E01004731,3
E01004732,1
E01004733,3
E01004734,3
E01004735,3
E01004736,3
E01004737,0
E01004740,0
E01004741,0
E01004742,1
E01004743,0
E01004744,1
E01004746,0
E01004747,0
E01004748,1
E01004749,0
E01004750,1
E01004751,1
E01004752,1
E01004753,0
E01004754,0
E01004755,0
E01004756,0
E01004757,3
E01004760,0
E01004761,3
E01004762,3
E01004763,3
E01004765,3
E01032512,0
E01032513,0
E01032562,0
E01032563,1
E01032564,0
E01032565,0
E01032566,1
E01032567,0
E01032568,1
E01032569,0
E01032570,1
E01032572,1
E01032573,1
E01032574,0
E01032575,0
E01032576,3
E01032577,3
E01032579,0
E01032580,3
E01032581,3
E01032582,0
E01032583,0
E01032584,0
E01032623,1
E01032637,0
E01032638,0
E01032639,0
E01032640,1
E01032646,0
E01032719,0
E01032739,3
E01032740,3
E01032741,1
E01032742,1
E01032743,3
E01032744,3
E01032764,3
E01032765,3
E01032767,3
E01032768,3
E01032769,3
E01032770,3
E01032771,3
E01032772,3
E01032774,3
E01032775,3
E01032776,3
E01032777,3
E01032779,3
E01032780,3
E01032781,3
E01032782,3
E01032783,3
E01032784,3
E01032785,3
E01032786,3
E01032787,3
E01032788,1
E01032789,0
E01032790,0
E01032803,0
E01032834,0
E01033000,3
E01033030,3
E01033081,1
E01033082,1
E01033083,3
E01033084,3
E01033086,1
E01033098,0
E01033099,0
E01033100,0
E01033132,0
E01033133,0
E01033135,1
E01033146,0
E01033148,0
E01033150,0
E01033151,0
E01033208,0
E01033320,0
E01033322,0
E01033324,0
E01033325,0
E01033327,0
E01033341,0
E01033455,0
E01033456,0
E01033457,3
E01033463,3
E01033485,0
E01033486,1
E01033487,0
E01033488,0
E01033489,0
E01033490,0
E01033491,1
E01033493,0
E01033494,1
E01033569,1
E01033570,1
E01033571,1
E01033579,3
E01033580,0
E01033581,0
E01033582,0
E01033584,0
E01033586,3
E01033587,3
E01033589,3
E01033590,3
E01033591,3
E01033592,3
E01033593,3
E01033594,3
E01033597,0
E01033598,3
E01033599,0
E01033601,3
E01033602,3
E01033603,3
E01033604,3
E01033605,3
E01033699,0
E01033700,0
E01033702,0
E01033703,0
E01033704,0
E01033705,0
E01033706,0
E01033708,3
E01033709,0
E01033710,0
E01033711,0
E01033712,0
E01033713,0
E01033727,0
E01033728,0
E01033729,1
E01033732,0
E01033734,0
E01033735,0
E01033736,0
E01033737,0
E01033738,0
E01033739,0
E01033740,0
E01033741,0
E01033742,0
E01033743,0
E01033744,0
E01033745,0
E01033746,0
E01033784,1
E01033785,1
E01033786,1
E01033787,1
E01033788,1
E01033789,0
E01033790,0
E01033791,1
E01033792,1
E01033862,0
E01033863,0
E01033864,0
E01033865,0
E01033866,0
E01033867,0
E01033868,0
E01033869,0
E01033870,0
E01033871,0
E01033872,0
E01033873,0
E01033874,0
E01033875,0
E01033876,0
E01033877,0
E01033878,0
E01033879,0
E01033880,0
E01033881,0
E01033882,0
E01033883,0
E01033884,0
E01033885,0
E01033911,3
E01033912,3
E01033913,3
E01033914,3
E01033915,3
E01033916,3
E01033917,3
E01033918,3
E01033919,3
E01033920,3
E01033921,3
E01033922,3
E01033923,3
E01033924,3
E01033925,3
E01033926,0
E01033927,1
E01033928,1
E01033929,3
E01033930,3
E01033931,3
E01033932,3
E01033933,3
E01033934,3
E01033935,3
E01033936,3
E01033937,0
E01033938,3
E01033939,3
E01033940,3
E01033941,3
E01033942,3
E01033943,0
E01033944,0
E01033945,0
E01033946,1
E01034026,3
E01034027,3
E01034028,3
E01034029,3
E01034030,3
E01034031,3
E01034032,1
E01034033,3
E01034034,3
E01034035,1
E01034036,3
E01034037,3
E01034038,3
E01034039,3
E01034040,3
E01034041,3
E01034042,1
E01034043,1
E01034044,0
E01034045,3
E01034046,0
E01034139,3
E01034140,3
E01034141,3
E01034142,3
E01034143,0
E01034144,0
E01034145,0
E01034146,0
E01034147,3
E01034148,0
E01034149,0
E01034150,0
E01034151,0
E01034152,0
E01034153,1
E01034154,1
E01034155,1
E01034156,1
E01034173,0
E01034174,1
E01034175,1
E01034176,1
E01034177,1
E01034178,0
E01034179,0
E01034180,0
E01034181,0
E01034182,0
E01034183,1
E01034184,0
E01034185,1
E01034186,0
E01034187,0
E01034188,0
E01034189,0
E01034190,0
E01034191,1
E01034192,1
E01034193,0
E01034194,0
E01034195,0
E01034196,0
E01034198,0
E01034199,3
E01034200,3
E01034201,3
E01034202,3
E01034203,3
E01034204,3
E01034205,3
E01034206,0
E01034207,0
E01034208,0
E01034209,0
E01034210,3
E01034211,0
E01034212,3
E01034213,3
E01034214,3
E01034215,3
E01034216,3
E01034217,3
E01034218,3
E01034219,3
E01034220,3
E01034221,3
E01034222,3
E01034223,3
E01034224,0
E01034225,0
E01034226,0
E01034227,3
E01034228,3
E01034229,0
E01034230,3
E01034231,3
E01034383,0
E01034384,0
E01034385,1
E01034386,1
E01034387,0
E01034388,0
E01034389,0
E01034390,0
E01034391,0
E01034392,0
E01034393,0
E01034394,0
E01034395,0
E01034469,3
E01034470,0
E01034471,0
E01034472,0
E01034473,3
E01034474,3
E01034475,0
E01034476,0
E01034477,0
E01034478,0
E01034479,0
E01034480,3
E01034481,3
E01034482,3
E01034483,3
E01034484,3
E01034485,3
E01034486,0
E01034487,3
E01034488,3
E01034576,1
E01034577,1
E01034578,1
E01034579,1
E01034580,1
E01034581,1
E01034589,3
E01034590,3
E01034591,3
E01034592,3
E01034593,3
E01034594,3
E01034595,3
E01034596,3
E01034597,3
E01034598,3
E01034599,3
E01034600,3
E01034601,3
E01034602,3
E01034603,3
E01034604,3
E01034605,3
E01034606,3
E01034607,3
E01034608,3
E01034609,3
E01034610,3
E01034611,3
E01034612,3
E01034613,3
E01034614,3
E01034615,3
E01034616,3
E01034617,3
E01035484,0
E01035485,0
E01035486,1
E01035487,1
E01035488,0
E01035489,1
E01035490,1
E01035491,1
E01035492,1
E01035493,1
E01035494,1
E01035495,1
E01035496,0
E01035497,0
E01035498,0
E01035499,0
E01035638,0
E01035639,0
E01035640,0
E01035641,0
E01035642,0
E01035643,0
E01035644,0
E01035645,0
E01035646,0
E01035647,0
E01035648,0
E01035649,0
E01035650,0
E01035651,0
E01035652,1
E01035653,1
E01035654,0
E01035655,1
E01035656,0
E01035657,0
E01035658,3
E01035659,3
E01035660,3
E01035661,3
E01035662,3
E01035663,3
E01035664,3
E01035665,3
E01035666,3
E01035667,3
E01035668,3
E01035669,3
E01035670,3
E01035671,3
E01035672,3
E01035673,3
E01035674,3
E01035675,3
E01035676,3
E01035677,3
E01035678,3
E01035679,3
E01035680,3
E01035681,3
E01035682,3
E01035683,3
E01035684,3
E01035685,3
E01035686,3
E01035687,3
E01035688,3
E01035689,3
E01035690,3
E01035691,3
E01035692,3
E01035693,3
E01035694,3
E01035695,3
E01035696,3
E01035697,3
E01035698,3
E01035699,3
E01035700,3
E01035701,3
E01035702,3
E01035703,3
E01035704,3
E01035705,3
E01035706,3
E01035707,1
E01035708,3
E01035709,3
E01035710,3
E01035711,3
E01035712,3
E01035713,3
E01035714,1
E01035715,0
E01035716,3
E01035717,0
E01035718,3
E01035719,0
E01035720,0
E01035721,1
E01035722,0
